valid_frac_bin,n,rmse,mae,bias
0.60-0.70,1029,5.160438060760498,3.5358030796051025,1.453149437904358
0.70-0.80,1285,5.142867565155029,3.4226627349853516,1.1247780323028564
0.80-0.90,1669,4.827108383178711,3.4406485557556152,0.9764109253883362
0.90-1.00,20612,4.016818046569824,3.0621767044067383,-0.46137896180152893
