rmse,mae,bias,n_eval
4.195127964019775,3.1265087127685547,-0.2008410096168518,24595
