{
  "rmse": 4.195127964019775,
  "mae": 3.1265087127685547,
  "bias": -0.2008410096168518,
  "n_eval": 24595
}