qc_bin,n,rmse,mae,bias
0.2-0.4,3290,5.135926723480225,3.7943148612976074,2.5250208377838135
0.4-0.6,6007,3.2643356323242188,2.507979393005371,-0.6674319505691528
0.6-0.8,6566,3.4120960235595703,2.6357147693634033,-0.6210763454437256
0.8-1.0,5853,4.170310974121094,3.2482974529266357,-1.4729840755462646
