{
  "era5_1": 1.720482891364049e-05,
  "era5_4": 1.4715883882527376e-05,
  "era5_3": 1.1819553871343183e-05,
  "era5_0": 1.1378988095876884e-05,
  "era5_6": 8.064075826849956e-06,
  "world_0": 3.862978120297258e-06,
  "era5_7": 3.595450536803608e-06,
  "s2_10": 2.3217703023369218e-06,
  "s2_12": 1.7710720814850195e-06,
  "s2_1": 1.4071067274320133e-06,
  "s2_0": 1.2968192714247884e-06,
  "s1_1": 1.2837171160147893e-06,
  "s2_7": 1.0806751396962177e-06,
  "era5_2": 1.071075183113458e-06,
  "dyn_0": 9.492433182205989e-07,
  "s2_13": 8.141823223518763e-07,
  "dem_0": 6.704601184360904e-07,
  "s1_0": 5.841452548338566e-07,
  "s2_9": 5.069959235647225e-07,
  "s2_15": 4.6326715382368394e-07,
  "s2_4": 4.390432700852721e-07,
  "s2_16": 4.140017971899902e-07,
  "s1_5": 4.1321225315490057e-07,
  "s2_6": 2.998527403658752e-07,
  "s2_5": 2.7067587874777627e-07,
  "s2_8": 2.418177239683751e-07,
  "s2_2": 2.075981847661347e-07,
  "dem_2": 1.9630675870037825e-07,
  "s1_3": 1.8979417899029411e-07,
  "s2_14": 1.864305837607895e-07,
  "s2_3": 1.7398058736893694e-07,
  "era5_5": 1.2120269224801127e-06,
  "s1_4": 8.003560044958193e-08,
  "s1_2": 3.881980593768554e-08,
  "s2_11": 1.2961598923795967e-10,
  "dem_1": 0.0
}