rmse,mae,bias,n_eval
4.195127964019775,3.1265087127685547,-0.2008408159017563,24595
